INSERT INTO photographers (uuid, password, name, email, city, bio, profile_pic, phone_number, photo1_url, photo2_url, photo3_url, photo1_url_details, photo2_url_details, photo3_url_details)
VALUES
('0d316ebb-60a9-457b-88e4-ce88d259dca5', 'password', 'Alice Anderson', 'alice@gmail.com', 'Victoria', 'I have been taking a professional protographer for over 20 years! I love to get outside and take stunning photos of landscapes. I am fairly new to photographing the northern lights but have managed to get a few photos that I am fairly proud of. I would love to meet other photographers and and share techniques for getting that perfect shot!', 'https://images.pexels.com/photos/1051076/pexels-photo-1051076.jpeg?auto=compress&cs=tinysrgb&dpr=1&w=500', 2501111111, 'https://www.westjetmagazine.com/wp-content/uploads/2017/09/NorthernLightsiStock.jpg', 'https://www.projectinspo.com/wp-content/uploads/2016/02/alaska-northern-lights-2000-copy-copy-770x390.jpg', 'https://touristjourney.com/wp-content/uploads/2020/07/How-to-See-the-Northern-Lights-in-Iceland-scaled.jpg', 'Camera Settings: f4 - 6.2 sec - ISO1600', 'Camera Settings: f4 - 18 sec - ISO3200', 'Camera Settings: f3.5 - 10 sec - ISO1600'),
('83560305-d08a-4042-ab9f-af119f42c74e', 'password', 'Betty Boop', 'betty@outlook.com', 'Calgary', 'My name is Betty and I am fairly new to photography. I would love to tag along with some more experinced photographers and get some pointers!', 'https://images-na.ssl-images-amazon.com/images/I/71gUr%2BzbhUL._AC_UL1500_.jpg', 4031111111, 'https://images.unsplash.com/photo-1531366936337-7c912a4589a7?ixid=MXwxMjA3fDB8MHxzZWFyY2h8MXx8bm9ydGhlcm4lMjBsaWdodHN8ZW58MHx8MHw%3D&ixlib=rb-1.2.1&auto=format&fit=crop&w=500&q=60', 'https://images.unsplash.com/photo-1579033461380-adb47c3eb938?ixid=MXwxMjA3fDB8MHxzZWFyY2h8Mnx8bm9ydGhlcm4lMjBsaWdodHN8ZW58MHx8MHw%3D&ixlib=rb-1.2.1&auto=format&fit=crop&w=500&q=60', 'https://images.unsplash.com/photo-1483347756197-71ef80e95f73?ixlib=rb-1.2.1&ixid=MXwxMjA3fDB8MHxzZWFyY2h8M3x8bm9ydGhlcm4lMjBsaWdodHN8ZW58MHx8MHw%3D&auto=format&fit=crop&w=500&q=60', 'Camera Settings: f2.8 - 10 sec - ISO1600', 'Camera Settings: f4 - 15 sec - ISO1600', 'Camera Settings: f2.8 - 8 sec - ISO3200'),
('63c14414-188b-4b87-9f52-d56988d5a2cc', 'password', 'Charlie Chapman', 'charlie@aol.com', 'Edmonton', 'I am so excited to meet up with other photographers and share in the beauty of the northern lights. I am generally a pretty quiet person with a great sense of humour!', 'https://images-cdn.9gag.com/photo/anQBnLE_700b.jpg', 8251111111, 'https://images.unsplash.com/photo-1529963183134-61a90db47eaf?ixid=MXwxMjA3fDB8MHxzZWFyY2h8NHx8bm9ydGhlcm4lMjBsaWdodHN8ZW58MHx8MHw%3D&ixlib=rb-1.2.1&auto=format&fit=crop&w=500&q=60', 'https://images.unsplash.com/photo-1568607689150-17e625c1586e?ixid=MXwxMjA3fDB8MHxzZWFyY2h8OXx8bm9ydGhlcm4lMjBsaWdodHN8ZW58MHx8MHw%3D&ixlib=rb-1.2.1&auto=format&fit=crop&w=500&q=60', 'https://images.unsplash.com/photo-1504858700536-882c978a3464?ixid=MXwxMjA3fDB8MHxzZWFyY2h8MTJ8fG5vcnRoZXJuJTIwbGlnaHRzfGVufDB8fDB8&ixlib=rb-1.2.1&auto=format&fit=crop&w=500&q=60', 'Camera Settings: f5.6 - 20 sec - ISO800', 'Camera Settings: f2.8 - 12 sec - ISO3200', 'Camera Settings: f4 - 14 sec - ISO1600'),
('d2066a6a-0adb-4369-9f5b-87b1c6e4bcf3', 'password', 'Dave Diggs', 'davey09@hotmail.com', 'Penticton', 'My name is Dave and I have been into photography for quite a few years. I love to go on photgraphy trips and get outdoors. Not a big fan of going out on late shoots alone so I would love to find other photographers to join me!', 'http://1.bp.blogspot.com/-QPOYKNtZlpg/UTG0Ql2Qc_I/AAAAAAAAAgo/UdnUslWa44A/s1600/darren_heath_german08_005.jpg', 7781111111, 'https://images.unsplash.com/photo-1430132594682-16e1185b17c5?ixid=MXwxMjA3fDB8MHxzZWFyY2h8MTN8fG5vcnRoZXJuJTIwbGlnaHRzfGVufDB8fDB8&ixlib=rb-1.2.1&auto=format&fit=crop&w=500&q=60', 'https://images.unsplash.com/photo-1472419551702-dc4862cad8f9?ixlib=rb-1.2.1&ixid=MXwxMjA3fDB8MHxzZWFyY2h8MjJ8fG5vcnRoZXJuJTIwbGlnaHRzfGVufDB8fDB8&auto=format&fit=crop&w=500&q=60', 'https://pbs.twimg.com/media/B8Q4YScCEAEL1cL.jpg', 'Camera Settings: f2.8 - 11 sec - ISO3200', 'Camera Settings: f4 - 18 sec - ISO1600', 'Camera Settings: f2.8 - 25 sec - ISO1600'),
('923a7685-27ba-4108-a888-32e9c9d26f59', 'password', 'Ellie Eggerton', 'ellie@gmail.com', 'Vancouver', 'My name is Ellie and I am from Vancouver. I am currently enrolled in the photography program at Langara College. I love seeing the northern lights and capturing all of its beauty! Hoping to find other people to meet up with in a safe and friendly environment.', 'https://encrypted-tbn0.gstatic.com/images?q=tbn:ANd9GcTX4fu7C-Otj6UYvRue64gRJqWjjLFtd_vPYw&usqp=CAU', 6042512569, 'https://images.unsplash.com/photo-1589311836849-4cec35b363cb?ixid=MnwxMjA3fDB8MHxwaG90by1wYWdlfHx8fGVufDB8fHx8&ixlib=rb-1.2.1&auto=format&fit=crop&w=2281&q=80', 'https://images.unsplash.com/photo-1612686635542-2244ed9f8ddc?ixid=MnwxMjA3fDB8MHxwaG90by1wYWdlfHx8fGVufDB8fHx8&ixlib=rb-1.2.1&auto=format&fit=crop&w=2250&q=80', 'https://images.unsplash.com/photo-1531366599837-ce0c0e17657c?ixid=MnwxMjA3fDB8MHxwaG90by1wYWdlfHx8fGVufDB8fHx8&ixlib=rb-1.2.1&auto=format&fit=crop&w=2250&q=80', 'Camera Settings: f5.4 - 16 sec - ISO3200', 'Camera Settings: f2.8 - 15 sec - ISO1600', 'Camera Settings: f2.8 - 10 sec - ISO3200');

INSERT INTO locations (location_name, province, latitude, longitude, photo_url, photo_credit)
VALUES
('Banff', 'Alberta', '51.1784', '-115.5708', 'https://scontent.fyyc3-1.fna.fbcdn.net/v/t1.6435-9/174203820_10158844613006117_3732743880503919045_n.jpg?_nc_cat=103&ccb=1-3&_nc_sid=b9115d&_nc_ohc=yOQDVazeVQQAX-QfHkl&_nc_ht=scontent.fyyc3-1.fna&oh=4d52601262fbe8e98dfb6da0a6b1de7f&oe=60A15138', 'Monika Deviat'),
('Moberly Lake', 'British Columbia', '55.8233', '-121.7889', 'https://scontent.fyyc3-1.fna.fbcdn.net/v/t1.6435-9/163575824_2891145261133241_125840660276991062_n.jpg?_nc_cat=103&ccb=1-3&_nc_sid=730e14&_nc_ohc=DB-8fvpbwrkAX9RBmnh&_nc_ht=scontent.fyyc3-1.fna&oh=0eab170377d9a13e2ad794d6aa8bb78b&oe=60A304F8', 'Dre Anderson'),
('Northern Lights Centre', 'Yukon', '60.2343', '-128.3215', 'https://scontent.fyyc3-1.fna.fbcdn.net/v/t1.6435-9/163813923_4151282698249866_3065403617171828923_n.jpg?_nc_cat=101&ccb=1-3&_nc_sid=8bfeb9&_nc_ohc=omCkV4KlwMgAX-HDUpy&_nc_ht=scontent.fyyc3-1.fna&oh=e32596187cc5e39c622885d401fff4bf&oe=60A3F4F2', 'Daniel Kordan'),
('High Level', 'Alberta', '58.5071', '-117.1403', 'https://scontent.fyyc3-1.fna.fbcdn.net/v/t31.18172-8/15369021_1374410962570515_5634278641674630085_o.jpg?_nc_cat=111&ccb=1-3&_nc_sid=825194&_nc_ohc=B73NCAjKIlYAX8ovHEd&_nc_ht=scontent.fyyc3-1.fna&oh=e0eae53649cf0077ad9047d8f5fca2e4&oe=60A4799D', 'Aaron Rigsby'),
('Lake Minnewanka', 'Alberta', '51.245171', '-115.496714', 'https://scontent.fyyc3-1.fna.fbcdn.net/v/t1.6435-9/100088744_10163650628935201_7814227781394366464_n.jpg?_nc_cat=111&ccb=1-3&_nc_sid=825194&_nc_ohc=Jht7EAJVrNkAX-HHTJ5&_nc_ht=scontent.fyyc3-1.fna&oh=706c35a4981d53ef0e682f739827bd6d&oe=60A2D207', 'Paul Zizka'),
('Vermillion Lakes', 'Alberta', '51.245171', '-115.496714', 'https://cdn.shopify.com/s/files/1/0901/0816/products/PZ_05272017_04613copy_800x.jpg?v=1590762775', 'Paul Zizka'),
('McDougall Memorial United Church', 'Alberta', '51.187684', '-114.826393', 'https://scontent.fyyc3-1.fna.fbcdn.net/v/t31.18172-8/11130364_10153250736705586_763077146808680493_o.jpg?_nc_cat=108&ccb=1-3&_nc_sid=825194&_nc_ohc=RPmWoxSQ0C0AX8IqcoC&_nc_ht=scontent.fyyc3-1.fna&oh=a3efe46aa34c107a431ceb4526ad9573&oe=60A4B57E', 'Shauna Jackson'),
('Barrier Lake', 'Alberta', '51.033203', '-115.034114', 'https://scontent.fyyc3-1.fna.fbcdn.net/v/t31.18172-8/13055695_10156813288050109_6490009133758241902_o.jpg?_nc_cat=108&ccb=1-3&_nc_sid=b9115d&_nc_ohc=W_dfq8TlzakAX877PVv&_nc_ht=scontent.fyyc3-1.fna&oh=8b829cd99599db644b2d30c98adeef1d&oe=60A2C737', 'Elaine Kennedy'),
('Old Barn on Hwy 22', 'Alberta', '51.250908', '-114.476620', 'https://scontent.fyyc3-1.fna.fbcdn.net/v/t1.6435-9/43880253_10156728673307152_7151020603951022080_n.jpg?_nc_cat=105&ccb=1-3&_nc_sid=b9115d&_nc_ohc=xgxqYnR0pXYAX9O5-Ke&_nc_ht=scontent.fyyc3-1.fna&oh=47e89ade98df9024272144b8c8f7571a&oe=60A224DF', 'Bob Lloyd'),
('Blizzard Lake', 'Alberta', '51.250908', '-114.476620', 'https://scontent.fyyc3-1.fna.fbcdn.net/v/t31.18172-8/12973277_1113780832018478_597293630973822770_o.jpg?_nc_cat=103&ccb=1-3&_nc_sid=b9115d&_nc_ohc=SaJPjMkrUxUAX9_E65K&_nc_ht=scontent.fyyc3-1.fna&oh=c4c7cb7c0234b24c9e3531873323192d&oe=60A370E5', 'Craig Ebel'),
('Point 41', 'Alberta', '51.250908', '-114.476620', 'https://scontent.fyyc3-1.fna.fbcdn.net/v/t1.18169-0/p180x540/21740652_10155038877572896_2538049836000158412_n.jpg?_nc_cat=103&ccb=1-3&_nc_sid=825194&_nc_ohc=yLCn-gt8n94AX9f95EH&_nc_ht=scontent.fyyc3-1.fna&tp=6&oh=1931f1b35c256774ffc54b969c60dd80&oe=60A255B8', 'Anna Dillenbeck'),
('Canola Valley', 'Alberta', '52.053756', '-113.978676', 'https://scontent.fyyc3-1.fna.fbcdn.net/v/t31.18172-8/13582111_10157144421950702_4156036647186368285_o.jpg?_nc_cat=102&ccb=1-3&_nc_sid=a83260&_nc_ohc=JSBA19Pj-PEAX8sUe5G&_nc_ht=scontent.fyyc3-1.fna&oh=4f25d5c236bf9f94667de5cc16b2da87&oe=60A1F41D', 'Christian Hering-Junghans'),

('Witherby Point', 'British Columbia', '49.484918', '-123.474140', 'https://scontent.fyyc3-1.fna.fbcdn.net/v/t1.6435-0/p526x296/174061184_10165158595950008_5313865454471489039_n.jpg?_nc_cat=100&ccb=1-3&_nc_sid=825194&_nc_ohc=q8DHyPL3--QAX_fhN58&_nc_ht=scontent.fyyc3-1.fna&tp=6&oh=27c1e7ab9d8a3a3b458cbc3a46e47d7b&oe=60A2D693', 'Stevin Tuchiwsky'),
('Quercus Point','British Columbia', '49.646188', '-123.209316', 'https://scontent.fyyc3-1.fna.fbcdn.net/v/t1.6435-0/p180x540/175889301_10165766131695151_7679619237200913245_n.jpg?_nc_cat=111&ccb=1-3&_nc_sid=825194&_nc_ohc=5FckcLNF_04AX-RXI7o&_nc_ht=scontent.fyyc3-1.fna&tp=6&oh=f90cdf01016b53c5c3ceaa7164b867cb&oe=60A273D7', 'Jeff Bakker'),
('Muncho Lake Provincial Park','British Columbia', '58.944773', '-125.769553', 'https://www.zenseekers.com/sites/default/files/styles/card_tile/public/johannes-groll-253834.jpg?itok=d9L-t_i-', 'Nancy Shields'),
('Topley Landing','British Columbia', '54.776879', '-126.098222', 'https://scontent.fyyc3-1.fna.fbcdn.net/v/t1.6435-0/p180x540/175924902_10160859130138448_4819378100915976609_n.jpg?_nc_cat=103&ccb=1-3&_nc_sid=825194&_nc_ohc=-mouJQIqkCoAX_5wXU8&_nc_ht=scontent.fyyc3-1.fna&tp=6&oh=911f5400f4ec07ba2b82896020999214&oe=60A2A354', 'Scott Dimond'),
('Talus Lake, Tombstone Territorial Park', 'Yukon', '64.422438', '-138.562288', 'https://www.instagram.com/p/CLpSUTjJc0d/?utm_source=ig_web_copy_link', 'Nick Fitzhardinge'),
('Peace River Valley', 'British Columbia', '55.968914', '-121.983261', 'https://scontent.fyyc3-1.fna.fbcdn.net/v/t1.6435-9/108183237_2673224049592031_3808209990130622311_n.jpg?_nc_cat=107&ccb=1-3&_nc_sid=730e14&_nc_ohc=YP4pY9YJ32YAX_rc-VW&_nc_ht=scontent.fyyc3-1.fna&oh=0711f9c133ee8a40161bd3ea9c39a0a2&oe=60A2EC57', 'Dre Anderson Photography'),
('Jasper Lake', 'Alberta', '53.118766', '-118.027272', 'https://scontent.fyyc3-1.fna.fbcdn.net/v/t1.6435-9/175424399_2864603647113765_4097565746188065140_n.jpg?_nc_cat=103&ccb=1-3&_nc_sid=825194&_nc_ohc=JShzWn3r2dsAX-MyLwL&_nc_oc=AQmnORNuFVSVgg0zLJrzLLUAUAaV-VLwkMCLlDrjXRcNmn0w-Naa_ID1taiCR49KXFK_sIIEZ6Fl679-UDhdK7RN&_nc_ht=scontent.fyyc3-1.fna&oh=1373feec78f8e381faf83b0fb3d39435&oe=60A505D2', 'Jimmy Song'),
('Churchill', 'Manitoba', '58.739357', '-94.139310', 'https://hikebiketravel.com/wp-content/uploads/2018/10/Aurora-Pod-2_Credit-Travel-Manitobahs870.jpg', 'Travel Manitoba'),
('Kelsey', 'Manitoba', '56.038322', '-96.519753', 'https://media.winnipegfreepress.com/images/NEP8600637.jpg', 'Travel Manitoba'),
('Cochrane', 'Alberta', '51.229057', '-114.568205', 'https://scontent.fyyc3-1.fna.fbcdn.net/v/t31.18172-8/19693775_10159267452815109_1223124292017081344_o.jpg?_nc_cat=108&ccb=1-3&_nc_sid=b9115d&_nc_ohc=DZHueMHMvgkAX_hyqGG&_nc_ht=scontent.fyyc3-1.fna&oh=50ef0d88284b9b972ef34d68b17fb96c&oe=60A50C97', 'Elaine Kennedy');

INSERT INTO auroras (forecast, location, strength) 
VALUES
('Clear', 'Banff National Park', 3),
('Cloudy', 'Moberly Lake Park', 2),
('Sunny', 'Yukon', 5),
('Clear', 'High Level', 4);

INSERT INTO auroras_locations (aurora_id, location_id)
VALUES
(1, 1),
(2, 2),
(3, 3),
(4, 4);

INSERT INTO meetups (location_id, date, time)
VALUES
(1, '2021-04-27', '22:30:00'),
(3, '2021-05-21', '22:00:00'),
(2, '2021-04-15', '01:20:00'),
(4, '2021-03-14', '23:35:00');

INSERT INTO meetup_photographers (meetup_id, photographer_id)
VALUES
(1, 1),
(1, 5),
(2, 2),
(2, 4),
(3, 5),
(3, 3),
(4, 1),
(4, 2);

INSERT INTO messages (photographer_id, meetup_id, message, timestamp)
VALUES
(1, 3, 'I hope the conditions are great!', '2021-04-13 12:02:25'),
(2, 1, 'Woooo! I love the northern lights', '2021-04-01 09:25:20'),
(2, 2, 'I can hardly wait to try out my new lens!', '2021-04-12 17:20:20'),
(3, 1, 'Should be a nice shoot!', '2021-04-26 20:01:00'),
(4, 2, 'Too bad it got cloudy! :(', '2021-04-16 09:20:00'),
(5, 4, 'This was a great shoot, thank you for coming!', '2021-03-15 14:25:00');