INSERT INTO photographers (uuid, password, name, email, city, bio, profile_pic, phone_number, photo1_url, photo2_url, photo3_url, photo1_url_details, photo2_url_details, photo3_url_details)
VALUES
('0d316ebb-60a9-457b-88e4-ce88d259dca5', 'password', 'Alice Anderson', 'alice@gmail.com', 'Victoria', 'I have been taking a professional protographer for over 20 years! I love to get outside and take stunning photos of landscapes. I am fairly new to photographing the northern lights but have managed to get a few photos that I am fairly proud of. I would love to meet other photographers and and share techniques for getting that perfect shot!', 'https://images.pexels.com/photos/1051076/pexels-photo-1051076.jpeg?auto=compress&cs=tinysrgb&dpr=1&w=500', 2501111111, 'https://www.westjetmagazine.com/wp-content/uploads/2017/09/NorthernLightsiStock.jpg', 'https://www.projectinspo.com/wp-content/uploads/2016/02/alaska-northern-lights-2000-copy-copy-770x390.jpg', 'https://touristjourney.com/wp-content/uploads/2020/07/How-to-See-the-Northern-Lights-in-Iceland-scaled.jpg', 'Camera Settings: f4 - 6.2 sec - ISO1600', 'Camera Settings: f4 - 18 sec - ISO3200', 'Camera Settings: f3.5 - 10 sec - ISO1600'),
('83560305-d08a-4042-ab9f-af119f42c74e', 'password', 'Betty Boop', 'betty@outlook.com', 'Calgary', 'My name is Betty and I am fairly new to photography. I would love to tag along with some more experinced photographers and get some pointers!', 'https://images-na.ssl-images-amazon.com/images/I/71gUr%2BzbhUL._AC_UL1500_.jpg', 4031111111, 'https://images.unsplash.com/photo-1531366936337-7c912a4589a7?ixid=MXwxMjA3fDB8MHxzZWFyY2h8MXx8bm9ydGhlcm4lMjBsaWdodHN8ZW58MHx8MHw%3D&ixlib=rb-1.2.1&auto=format&fit=crop&w=500&q=60', 'https://images.unsplash.com/photo-1579033461380-adb47c3eb938?ixid=MXwxMjA3fDB8MHxzZWFyY2h8Mnx8bm9ydGhlcm4lMjBsaWdodHN8ZW58MHx8MHw%3D&ixlib=rb-1.2.1&auto=format&fit=crop&w=500&q=60', 'https://images.unsplash.com/photo-1483347756197-71ef80e95f73?ixlib=rb-1.2.1&ixid=MXwxMjA3fDB8MHxzZWFyY2h8M3x8bm9ydGhlcm4lMjBsaWdodHN8ZW58MHx8MHw%3D&auto=format&fit=crop&w=500&q=60', 'Camera Settings: f2.8 - 10 sec - ISO1600', 'Camera Settings: f4 - 15 sec - ISO1600', 'Camera Settings: f2.8 - 8 sec - ISO3200'),
('63c14414-188b-4b87-9f52-d56988d5a2cc', 'password', 'Charlie Chapman', 'charlie@aol.com', 'Edmonton', 'I am so excited to meet up with other photographers and share in the beauty of the northern lights. I am generally a pretty quiet person with a great sense of humour!', 'https://images-cdn.9gag.com/photo/anQBnLE_700b.jpg', 8251111111, 'https://images.unsplash.com/photo-1529963183134-61a90db47eaf?ixid=MXwxMjA3fDB8MHxzZWFyY2h8NHx8bm9ydGhlcm4lMjBsaWdodHN8ZW58MHx8MHw%3D&ixlib=rb-1.2.1&auto=format&fit=crop&w=500&q=60', 'https://images.unsplash.com/photo-1568607689150-17e625c1586e?ixid=MXwxMjA3fDB8MHxzZWFyY2h8OXx8bm9ydGhlcm4lMjBsaWdodHN8ZW58MHx8MHw%3D&ixlib=rb-1.2.1&auto=format&fit=crop&w=500&q=60', 'https://images.unsplash.com/photo-1504858700536-882c978a3464?ixid=MXwxMjA3fDB8MHxzZWFyY2h8MTJ8fG5vcnRoZXJuJTIwbGlnaHRzfGVufDB8fDB8&ixlib=rb-1.2.1&auto=format&fit=crop&w=500&q=60', 'Camera Settings: f5.6 - 20 sec - ISO800', 'Camera Settings: f2.8 - 12 sec - ISO3200', 'Camera Settings: f4 - 14 sec - ISO1600'),
('d2066a6a-0adb-4369-9f5b-87b1c6e4bcf3', 'password', 'Dave Diggs', 'davey09@hotmail.com', 'Penticton', 'My name is Dave and I have been into photography for quite a few years. I love to go on photgraphy trips and get outdoors. Not a big fan of going out on late shoots alone so I would love to find other photographers to join me!', 'http://1.bp.blogspot.com/-QPOYKNtZlpg/UTG0Ql2Qc_I/AAAAAAAAAgo/UdnUslWa44A/s1600/darren_heath_german08_005.jpg', 7781111111, 'https://images.unsplash.com/photo-1430132594682-16e1185b17c5?ixid=MXwxMjA3fDB8MHxzZWFyY2h8MTN8fG5vcnRoZXJuJTIwbGlnaHRzfGVufDB8fDB8&ixlib=rb-1.2.1&auto=format&fit=crop&w=500&q=60', 'https://images.unsplash.com/photo-1472419551702-dc4862cad8f9?ixlib=rb-1.2.1&ixid=MXwxMjA3fDB8MHxzZWFyY2h8MjJ8fG5vcnRoZXJuJTIwbGlnaHRzfGVufDB8fDB8&auto=format&fit=crop&w=500&q=60', 'https://pbs.twimg.com/media/B8Q4YScCEAEL1cL.jpg', 'Camera Settings: f2.8 - 11 sec - ISO3200', 'Camera Settings: f4 - 18 sec - ISO1600', 'Camera Settings: f2.8 - 25 sec - ISO1600'),
('923a7685-27ba-4108-a888-32e9c9d26f59', 'password', 'Ellie Eggerton', 'ellie@gmail.com', 'Vancouver', 'My name is Ellie and I am from Vancouver. I am currently enrolled in the photography program at Langara College. I love seeing the northern lights and capturing all of its beauty! Hoping to find other people to meet up with in a safe and friendly environment.', 'https://encrypted-tbn0.gstatic.com/images?q=tbn:ANd9GcTX4fu7C-Otj6UYvRue64gRJqWjjLFtd_vPYw&usqp=CAU', 6042512569, 'https://images.unsplash.com/photo-1589311836849-4cec35b363cb?ixid=MnwxMjA3fDB8MHxwaG90by1wYWdlfHx8fGVufDB8fHx8&ixlib=rb-1.2.1&auto=format&fit=crop&w=2281&q=80', 'https://images.unsplash.com/photo-1612686635542-2244ed9f8ddc?ixid=MnwxMjA3fDB8MHxwaG90by1wYWdlfHx8fGVufDB8fHx8&ixlib=rb-1.2.1&auto=format&fit=crop&w=2250&q=80', 'https://images.unsplash.com/photo-1531366599837-ce0c0e17657c?ixid=MnwxMjA3fDB8MHxwaG90by1wYWdlfHx8fGVufDB8fHx8&ixlib=rb-1.2.1&auto=format&fit=crop&w=2250&q=80', 'Camera Settings: f5.4 - 16 sec - ISO3200', 'Camera Settings: f2.8 - 15 sec - ISO1600', 'Camera Settings: f2.8 - 10 sec - ISO3200');

INSERT INTO locations (location_name, coordinates)
VALUES
('Banff', '51.1784° N, 115.5708° W'),
('Moberly Lake', '55.8233° N, 121.7889° W'),
('Northern Lights Centre','60.2343° N, 128.3215° W'),
('High Level','58.5071° N, 117.1403° W');

INSERT INTO auroras (forecast, location, strength) 
VALUES
('Clear', 'Banff National Park', 3),
('Cloudy', 'Moberly Lake Park', 2),
('Sunny', 'Yukon', 5),
('Clear', 'High Level', 4);

INSERT INTO auroras_locations (aurora_id, location_id)
VALUES
(1, 1),
(2, 2),
(3, 3),
(4, 4);

INSERT INTO meetups (location_id, date, time)
VALUES
(1, '2021-04-27', '22:30:00'),
(3, '2021-05-21', '22:00:00'),
(2, '2021-04-15', '01:20:00'),
(4, '2021-03-14', '23:35:00');

INSERT INTO meetup_photographers (meetup_id, photographer_id)
VALUES
(1, 1),
(1, 5),
(2, 2),
(2, 4),
(3, 5),
(3, 3),
(4, 1),
(4, 2);

INSERT INTO messages (photographer_id, meetup_id, message, timestamp)
VALUES
(1, 3, 'I hope the conditions are great!', '2021-04-13 12:02:25'),
(2, 1, 'Woooo! I love the northern lights', '2021-04-01 09:25:20'),
(2, 2, 'I can hardly wait to try out my new lens!', '2021-04-12 17:20:20'),
(3, 1, 'Should be a nice shoot!', '2021-04-26 20:01:00'),
(4, 2, 'Too bad it got cloudy! :(', '2021-04-16 09:20:00'),
(5, 4, 'This was a great shoot, thank you for coming!', '2021-03-15 14:25:00');